Workbook

Sheet Hướng dẫn
B2: UPSC — MV-08 · MODEL ĐÁNH GIÁ CHỨNG KHOÁN CHO VAY KÝ QUỸ
B3: Bản tham khảo — bám sát Phụ lục 01 (NCPT). Cập nhật theo bản chính thức khi có.
B6: Cấu trúc model | D6: Phân 3 danh mục: Tiêu chuẩn (White-list), Cần theo dõi (Gray-list), Không cho vay (Black-list).
D7: Chấm điểm theo 2 nhánh: cổ phiếu TÀI CHÍNH (ngân hàng/chứng khoán/bảo hiểm) và PHI TÀI CHÍNH.
B9: Sheet trong file
B10: Phi tài chính | D10: Chấm điểm 9 chỉ số Margin Score → xếp hạng → LTV → điều chỉnh → room → giá chặn.
B11: Tài chính | D11: Xếp hạng theo tiêu chí ngành → LTV (Tier) → room → giá chặn.
B12: Tham số | D12: Bảng tra: LTV theo rank, hệ số nhân room, điều chỉnh rủi ro, Tier ngành tài chính.
B14: Margin Score (phi TC) | D14: MC = P1·25% + P2·15% + P3·10% + P4·10% + P5·5% + P6·10% + P7·5% + P8·10% + P9·10%
B15: Quy đổi điểm | D15: Mỗi chỉ số: rank 1–100 = 7đ; mỗi 100 bậc giảm 1đ; rank ≥ 701 = 0đ.
B16: LTV theo tổng điểm | D16: 1–150→50%, 151–200→45%, 201–250→40%, 251–300→30%, 301–400→20%, 401–450→10%, >450→0%.
B17: Điều chỉnh LTV | D17: Tăng vốn 2 năm >100%: −10%, >200%: −20%. KLGD1T/CP lưu hành 3–5%: −10%, >5%: −20%.
B18: Room | D18: Số CP tối đa = min(KLGD 3T, KLGD 1T) × LTV × Hệ số nhân. Hệ số theo KLGD 3T: >500k=5;300–500k=4;150–300k=3;50–150k=2;20–50k=1;<20k → Không cho vay.
B19: Giá chặn | D19: Tiêu chuẩn = giá thị trường; Cần theo dõi = min(giá cao 52T; 120%×giá TB20N; 200%×giá thấp 52T).
B20: Hạn mức cho vay | D20: Bằng Room (số CP) × Giá chặn.
B22: Tier ngành tài chính | D22: Ngân hàng: dư nợ cho vay > 200.000 tỷ → LTV 50%, còn lại 40%.
D23: Chứng khoán (thị phần MG): Top10→50%, Top11–20→40%, Top21–30→30%, còn lại 0%.
D24: Bảo hiểm (KLGD TB 3T): >1tr CP/phiên→50%, 500k–1tr→40%, 200k–500k→30%, còn lại 0%.
B26: Black-list | D26: KLGD khớp lệnh TB 1 hoặc 3 tháng < 20.000 CP/ngày & GTGD < 1 tỷ/ngày; hoặc vốn hóa < 100 tỷ.
B27: Gray-list | D27: Có cờ theo dõi (KQKD tiêu cực, đòn bẩy cao, định giá cao/thanh khoản kém, tin tiêu cực…) hoặc giá tăng > 50%/tháng.
B28: Nhập liệu | D28: Điền các ô MÀU XANH; cột tính toán tự cập nhật. Khi thêm dòng, kéo công thức và mở rộng vùng RANK.
B29: Lưu ý | D29: Model dùng xếp hạng tương quan trên toàn bộ vũ trụ đầu tư — nên nhập đủ số mã để điểm phản ánh đúng.

Sheet Tham số
A1: LTV theo xếp hạng (cận dưới) | B1: LTV (%) | D1: KLGD 3T (cận dưới) | E1: Hệ số nhân | G1: Tier ngành tài chính | H1: LTV (%)
A2: 1 | B2: 50 | D2: 0 | E2: 0 | G2: Ngân hàng: dư nợ > 200.000 tỷ | H2: 50
A3: 151 | B3: 45 | D3: 20000 | E3: 1 | G3: Ngân hàng: còn lại | H3: 40
A4: 201 | B4: 40 | D4: 50000 | E4: 2 | G4: Chứng khoán: Top 10 thị phần | H4: 50
A5: 251 | B5: 30 | D5: 150000 | E5: 3 | G5: Chứng khoán: Top 11–20 | H5: 40
A6: 301 | B6: 20 | D6: 300000 | E6: 4 | G6: Chứng khoán: Top 21–30 | H6: 30
A7: 401 | B7: 10 | D7: 500000 | E7: 5 | G7: Chứng khoán: còn lại | H7: 0
A8: 451 | B8: 0 | G8: Bảo hiểm: KLGD TB > 1tr CP/phiên | H8: 50
G9: Bảo hiểm: 500k–1tr | H9: 40
G10: Bảo hiểm: 200k–500k | H10: 30
G11: Bảo hiểm: còn lại | H11: 0

Sheet Phi tài chính
A1: Điểm P1 | B1: Điểm P2 | C1: Điểm P3 | D1: Điểm P4 | E1: Điểm P5 | F1: Điểm P6 | G1: Điểm P7 | H1: Điểm P8 | I1: Điểm P9 | J1: MC | K1: Xếp hạng MC | L1: LTV cơ sở (%) | M1: ĐC tăng vốn (%) | N1: ĐC thanh khoản (%) | O1: LTV cuối (%) | P1: Hệ số nhân | Q1: Phân loại | R1: Room (số CP) | S1: Giá chặn (đồng) | T1: Hạn mức cho vay (đồng) | U1: % tăng giá 1T | V1: Cờ theo dõi (x) | W1: Điểm P1 | X1: Điểm P2 | Y1: Điểm P3 | Z1: Điểm P4 | AA1: Điểm P5 | AB1: Điểm P6 | AC1: Điểm P7 | AD1: Điểm P8 | AE1: Điểm P9 | AF1: MC | AG1: Xếp hạng MC | AH1: LTV cơ sở (%) | AI1: ĐC tăng vốn (%) | AJ1: ĐC thanh khoản (%) | AK1: LTV cuối (%) | AL1: Hệ số nhân | AM1: Phân loại | AN1: Room (số CP) | AO1: Giá chặn (đồng) | AP1: Hạn mức cho vay (đồng)
A2: VNM | B2: HOSE | C2: 150000 | D2: 1200000 | E2: 1000000 | F2: 80 | G2: 25 | H2: 0.3 | I2: 1.5 | J2: 1.8 | K2: 22 | L2: 18 | M2: 25 | N2: 15 | O2: 5 | P2: 0.5 | Q2: 70000 | R2: 80000 | S2: 71000 | T2: 60000 | U2: 8 | W2: =MAX(0,8-ROUNDUP(RANK(D2,$D$2:$D$7,0)/100,0)) -> 7 | X2: =MAX(0,8-ROUNDUP(RANK(G2,$G$2:$G$7,1)/100,0)) -> 7 | Y2: =MAX(0,8-ROUNDUP(RANK(H2,$H$2:$H$7,1)/100,0)) -> 7 | Z2: =MAX(0,8-ROUNDUP(RANK(I2,$I$2:$I$7,1)/100,0)) -> 7 | AA2: =MAX(0,8-ROUNDUP(RANK(J2,$J$2:$J$7,1)/100,0)) -> 7 | AB2: =MAX(0,8-ROUNDUP(RANK(K2,$K$2:$K$7,0)/100,0)) -> 7 | AC2: =MAX(0,8-ROUNDUP(RANK(L2,$L$2:$L$7,0)/100,0)) -> 7 | AD2: =MAX(0,8-ROUNDUP(RANK(M2,$M$2:$M$7,0)/100,0)) -> 7 | AE2: =MAX(0,8-ROUNDUP(RANK(N2,$N$2:$N$7,0)/100,0)) -> 7 | AF2: =W2*0.25+X2*0.15+Y2*0.1+Z2*0.1+AA2*0.05+AB2*0.1+AC2*0.05+AD2*0.1+AE2*0.1 -> 7 | AG2: =RANK(AF2,$AF$2:$AF$7,0) -> 1 | AH2: =VLOOKUP(AG2,'Tham số'!$A$2:$B$8,2,TRUE()) -> 50 | AI2: =IF(O2>200,-20,IF(O2>100,-10,0)) -> 0 | AJ2: =IF(P2>5,-20,IF(P2>=3,-10,0)) -> 0 | AK2: =MIN(50,MAX(0,AH2+AI2+AJ2)) -> 50 | AL2: =VLOOKUP(D2,'Tham số'!$D$2:$E$7,2,TRUE()) -> 5 | AM2: =IF(OR(AND(MIN(D2,E2)<20000,F2<1),C2<100),"Không cho vay",IF(OR(V2="x",U2>50),"Cần theo dõi","Tiêu chuẩn")) -> Tiêu chuẩn | AN2: =IF(AM2="Không cho vay",0,MIN(D2,E2)*AK2/100*AL2) -> 2500000 | AO2: =IF(AM2="Tiêu chuẩn",Q2,IF(AM2="Cần theo dõi",MIN(R2,1.2*S2,2*T2),0)) -> 70000 | AP2: =AN2*AO2 -> 175000000000
A3: HPG | B3: HOSE | C3: 160000 | D3: 15000000 | E3: 14000000 | F3: 400 | G3: 30 | H3: 0.9 | I3: 3 | J3: 2.2 | K3: 16 | L3: 12 | M3: 13 | N3: 7 | O3: 12 | P3: 0.6 | Q3: 26000 | R3: 30000 | S3: 27000 | T3: 20000 | U3: 9 | W3: =MAX(0,8-ROUNDUP(RANK(D3,$D$2:$D$7,0)/100,0)) -> 7 | X3: =MAX(0,8-ROUNDUP(RANK(G3,$G$2:$G$7,1)/100,0)) -> 7 | Y3: =MAX(0,8-ROUNDUP(RANK(H3,$H$2:$H$7,1)/100,0)) -> 7 | Z3: =MAX(0,8-ROUNDUP(RANK(I3,$I$2:$I$7,1)/100,0)) -> 7 | AA3: =MAX(0,8-ROUNDUP(RANK(J3,$J$2:$J$7,1)/100,0)) -> 7 | AB3: =MAX(0,8-ROUNDUP(RANK(K3,$K$2:$K$7,0)/100,0)) -> 7 | AC3: =MAX(0,8-ROUNDUP(RANK(L3,$L$2:$L$7,0)/100,0)) -> 7 | AD3: =MAX(0,8-ROUNDUP(RANK(M3,$M$2:$M$7,0)/100,0)) -> 7 | AE3: =MAX(0,8-ROUNDUP(RANK(N3,$N$2:$N$7,0)/100,0)) -> 7 | AF3: =W3*0.25+X3*0.15+Y3*0.1+Z3*0.1+AA3*0.05+AB3*0.1+AC3*0.05+AD3*0.1+AE3*0.1 -> 7 | AG3: =RANK(AF3,$AF$2:$AF$7,0) -> 1 | AH3: =VLOOKUP(AG3,'Tham số'!$A$2:$B$8,2,TRUE()) -> 50 | AI3: =IF(O3>200,-20,IF(O3>100,-10,0)) -> 0 | AJ3: =IF(P3>5,-20,IF(P3>=3,-10,0)) -> 0 | AK3: =MIN(50,MAX(0,AH3+AI3+AJ3)) -> 50 | AL3: =VLOOKUP(D3,'Tham số'!$D$2:$E$7,2,TRUE()) -> 5 | AM3: =IF(OR(AND(MIN(D3,E3)<20000,F3<1),C3<100),"Không cho vay",IF(OR(V3="x",U3>50),"Cần theo dõi","Tiêu chuẩn")) -> Tiêu chuẩn | AN3: =IF(AM3="Không cho vay",0,MIN(D3,E3)*AK3/100*AL3) -> 35000000 | AO3: =IF(AM3="Tiêu chuẩn",Q3,IF(AM3="Cần theo dõi",MIN(R3,1.2*S3,2*T3),0)) -> 26000 | AP3: =AN3*AO3 -> 910000000000
A4: DGC | B4: HOSE | C4: 40000 | D4: 2500000 | E4: 2200000 | F4: 90 | G4: 35 | H4: 0.4 | I4: 1.2 | J4: 1.6 | K4: 28 | L4: 20 | M4: 22 | N4: 14 | O4: 15 | P4: 0.7 | Q4: 95000 | R4: 120000 | S4: 98000 | T4: 70000 | U4: 11 | W4: =MAX(0,8-ROUNDUP(RANK(D4,$D$2:$D$7,0)/100,0)) -> 7 | X4: =MAX(0,8-ROUNDUP(RANK(G4,$G$2:$G$7,1)/100,0)) -> 7 | Y4: =MAX(0,8-ROUNDUP(RANK(H4,$H$2:$H$7,1)/100,0)) -> 7 | Z4: =MAX(0,8-ROUNDUP(RANK(I4,$I$2:$I$7,1)/100,0)) -> 7 | AA4: =MAX(0,8-ROUNDUP(RANK(J4,$J$2:$J$7,1)/100,0)) -> 7 | AB4: =MAX(0,8-ROUNDUP(RANK(K4,$K$2:$K$7,0)/100,0)) -> 7 | AC4: =MAX(0,8-ROUNDUP(RANK(L4,$L$2:$L$7,0)/100,0)) -> 7 | AD4: =MAX(0,8-ROUNDUP(RANK(M4,$M$2:$M$7,0)/100,0)) -> 7 | AE4: =MAX(0,8-ROUNDUP(RANK(N4,$N$2:$N$7,0)/100,0)) -> 7 | AF4: =W4*0.25+X4*0.15+Y4*0.1+Z4*0.1+AA4*0.05+AB4*0.1+AC4*0.05+AD4*0.1+AE4*0.1 -> 7 | AG4: =RANK(AF4,$AF$2:$AF$7,0) -> 1 | AH4: =VLOOKUP(AG4,'Tham số'!$A$2:$B$8,2,TRUE()) -> 50 | AI4: =IF(O4>200,-20,IF(O4>100,-10,0)) -> 0 | AJ4: =IF(P4>5,-20,IF(P4>=3,-10,0)) -> 0 | AK4: =MIN(50,MAX(0,AH4+AI4+AJ4)) -> 50 | AL4: =VLOOKUP(D4,'Tham số'!$D$2:$E$7,2,TRUE()) -> 5 | AM4: =IF(OR(AND(MIN(D4,E4)<20000,F4<1),C4<100),"Không cho vay",IF(OR(V4="x",U4>50),"Cần theo dõi","Tiêu chuẩn")) -> Tiêu chuẩn | AN4: =IF(AM4="Không cho vay",0,MIN(D4,E4)*AK4/100*AL4) -> 5500000 | AO4: =IF(AM4="Tiêu chuẩn",Q4,IF(AM4="Cần theo dõi",MIN(R4,1.2*S4,2*T4),0)) -> 95000 | AP4: =AN4*AO4 -> 522500000000
A5: DEF | B5: HOSE | C5: 1200 | D5: 300000 | E5: 250000 | F5: 8 | G5: 40 | H5: 1.5 | I5: 5 | J5: 3 | K5: 10 | L5: 8 | M5: 12 | N5: 5 | O5: 120 | P5: 4 | Q5: 18000 | R5: 25000 | S5: 19000 | T5: 12000 | U5: 12 | W5: =MAX(0,8-ROUNDUP(RANK(D5,$D$2:$D$7,0)/100,0)) -> 7 | X5: =MAX(0,8-ROUNDUP(RANK(G5,$G$2:$G$7,1)/100,0)) -> 7 | Y5: =MAX(0,8-ROUNDUP(RANK(H5,$H$2:$H$7,1)/100,0)) -> 7 | Z5: =MAX(0,8-ROUNDUP(RANK(I5,$I$2:$I$7,1)/100,0)) -> 7 | AA5: =MAX(0,8-ROUNDUP(RANK(J5,$J$2:$J$7,1)/100,0)) -> 7 | AB5: =MAX(0,8-ROUNDUP(RANK(K5,$K$2:$K$7,0)/100,0)) -> 7 | AC5: =MAX(0,8-ROUNDUP(RANK(L5,$L$2:$L$7,0)/100,0)) -> 7 | AD5: =MAX(0,8-ROUNDUP(RANK(M5,$M$2:$M$7,0)/100,0)) -> 7 | AE5: =MAX(0,8-ROUNDUP(RANK(N5,$N$2:$N$7,0)/100,0)) -> 7 | AF5: =W5*0.25+X5*0.15+Y5*0.1+Z5*0.1+AA5*0.05+AB5*0.1+AC5*0.05+AD5*0.1+AE5*0.1 -> 7 | AG5: =RANK(AF5,$AF$2:$AF$7,0) -> 1 | AH5: =VLOOKUP(AG5,'Tham số'!$A$2:$B$8,2,TRUE()) -> 50 | AI5: =IF(O5>200,-20,IF(O5>100,-10,0)) -> -10 | AJ5: =IF(P5>5,-20,IF(P5>=3,-10,0)) -> -10 | AK5: =MIN(50,MAX(0,AH5+AI5+AJ5)) -> 30 | AL5: =VLOOKUP(D5,'Tham số'!$D$2:$E$7,2,TRUE()) -> 4 | AM5: =IF(OR(AND(MIN(D5,E5)<20000,F5<1),C5<100),"Không cho vay",IF(OR(V5="x",U5>50),"Cần theo dõi","Tiêu chuẩn")) -> Tiêu chuẩn | AN5: =IF(AM5="Không cho vay",0,MIN(D5,E5)*AK5/100*AL5) -> 300000 | AO5: =IF(AM5="Tiêu chuẩn",Q5,IF(AM5="Cần theo dõi",MIN(R5,1.2*S5,2*T5),0)) -> 18000 | AP5: =AN5*AO5 -> 5400000000
A6: XYZ | B6: HNX | C6: 500 | D6: 120000 | E6: 90000 | F6: 3 | G6: 55 | H6: 1.8 | I6: 6.5 | J6: 3.5 | K6: 7 | L6: 5 | M6: 9 | N6: 4 | O6: 60 | P6: 2 | Q6: 12000 | R6: 20000 | S6: 13000 | T6: 8000 | U6: 60 | V6: x | W6: =MAX(0,8-ROUNDUP(RANK(D6,$D$2:$D$7,0)/100,0)) -> 7 | X6: =MAX(0,8-ROUNDUP(RANK(G6,$G$2:$G$7,1)/100,0)) -> 7 | Y6: =MAX(0,8-ROUNDUP(RANK(H6,$H$2:$H$7,1)/100,0)) -> 7 | Z6: =MAX(0,8-ROUNDUP(RANK(I6,$I$2:$I$7,1)/100,0)) -> 7 | AA6: =MAX(0,8-ROUNDUP(RANK(J6,$J$2:$J$7,1)/100,0)) -> 7 | AB6: =MAX(0,8-ROUNDUP(RANK(K6,$K$2:$K$7,0)/100,0)) -> 7 | AC6: =MAX(0,8-ROUNDUP(RANK(L6,$L$2:$L$7,0)/100,0)) -> 7 | AD6: =MAX(0,8-ROUNDUP(RANK(M6,$M$2:$M$7,0)/100,0)) -> 7 | AE6: =MAX(0,8-ROUNDUP(RANK(N6,$N$2:$N$7,0)/100,0)) -> 7 | AF6: =W6*0.25+X6*0.15+Y6*0.1+Z6*0.1+AA6*0.05+AB6*0.1+AC6*0.05+AD6*0.1+AE6*0.1 -> 7 | AG6: =RANK(AF6,$AF$2:$AF$7,0) -> 1 | AH6: =VLOOKUP(AG6,'Tham số'!$A$2:$B$8,2,TRUE()) -> 50 | AI6: =IF(O6>200,-20,IF(O6>100,-10,0)) -> 0 | AJ6: =IF(P6>5,-20,IF(P6>=3,-10,0)) -> 0 | AK6: =MIN(50,MAX(0,AH6+AI6+AJ6)) -> 50 | AL6: =VLOOKUP(D6,'Tham số'!$D$2:$E$7,2,TRUE()) -> 2 | AM6: =IF(OR(AND(MIN(D6,E6)<20000,F6<1),C6<100),"Không cho vay",IF(OR(V6="x",U6>50),"Cần theo dõi","Tiêu chuẩn")) -> Cần theo dõi | AN6: =IF(AM6="Không cho vay",0,MIN(D6,E6)*AK6/100*AL6) -> 90000 | AO6: =IF(AM6="Tiêu chuẩn",Q6,IF(AM6="Cần theo dõi",MIN(R6,1.2*S6,2*T6),0)) -> 15600 | AP6: =AN6*AO6 -> 1404000000
A7: ABC | B7: UPCOM | C7: 80 | D7: 18000 | E7: 15000 | F7: 0.5 | G7: 70 | H7: 2.5 | I7: 9 | J7: 4 | K7: 4 | L7: 2 | M7: 5 | N7: 2 | O7: 10 | P7: 0.5 | Q7: 9000 | R7: 14000 | S7: 9500 | T7: 6000 | U7: 5 | W7: =MAX(0,8-ROUNDUP(RANK(D7,$D$2:$D$7,0)/100,0)) -> 7 | X7: =MAX(0,8-ROUNDUP(RANK(G7,$G$2:$G$7,1)/100,0)) -> 7 | Y7: =MAX(0,8-ROUNDUP(RANK(H7,$H$2:$H$7,1)/100,0)) -> 7 | Z7: =MAX(0,8-ROUNDUP(RANK(I7,$I$2:$I$7,1)/100,0)) -> 7 | AA7: =MAX(0,8-ROUNDUP(RANK(J7,$J$2:$J$7,1)/100,0)) -> 7 | AB7: =MAX(0,8-ROUNDUP(RANK(K7,$K$2:$K$7,0)/100,0)) -> 7 | AC7: =MAX(0,8-ROUNDUP(RANK(L7,$L$2:$L$7,0)/100,0)) -> 7 | AD7: =MAX(0,8-ROUNDUP(RANK(M7,$M$2:$M$7,0)/100,0)) -> 7 | AE7: =MAX(0,8-ROUNDUP(RANK(N7,$N$2:$N$7,0)/100,0)) -> 7 | AF7: =W7*0.25+X7*0.15+Y7*0.1+Z7*0.1+AA7*0.05+AB7*0.1+AC7*0.05+AD7*0.1+AE7*0.1 -> 7 | AG7: =RANK(AF7,$AF$2:$AF$7,0) -> 1 | AH7: =VLOOKUP(AG7,'Tham số'!$A$2:$B$8,2,TRUE()) -> 50 | AI7: =IF(O7>200,-20,IF(O7>100,-10,0)) -> 0 | AJ7: =IF(P7>5,-20,IF(P7>=3,-10,0)) -> 0 | AK7: =MIN(50,MAX(0,AH7+AI7+AJ7)) -> 50 | AL7: =VLOOKUP(D7,'Tham số'!$D$2:$E$7,2,TRUE()) -> 0 | AM7: =IF(OR(AND(MIN(D7,E7)<20000,F7<1),C7<100),"Không cho vay",IF(OR(V7="x",U7>50),"Cần theo dõi","Tiêu chuẩn")) -> Không cho vay | AN7: =IF(AM7="Không cho vay",0,MIN(D7,E7)*AK7/100*AL7) -> 0 | AO7: =IF(AM7="Tiêu chuẩn",Q7,IF(AM7="Cần theo dõi",MIN(R7,1.2*S7,2*T7),0)) -> 0 | AP7: =AN7*AO7 -> 0

Sheet Tài chính
A1: Mã CK | B1: Ngành (NH/CK/BH) | C1: Chỉ tiêu xếp hạng* | D1: KLGD 3T (CP) | E1: KLGD 1T (CP) | F1: Giá thị trường | G1: LTV (%) | H1: Hệ số nhân | I1: Room (số CP) | J1: Hạn mức cho vay (đồng)
A2: VCB | B2: NH | C2: 520000 | D2: 6000000 | E2: 5500000 | F2: 90000 | G2: =IF(B2="NH",IF(C2>200000,50,40),IF(B2="CK",IF(C2<=10,50,IF(C2<=20,40,IF(C2<=30,30,0))),IF(B2="BH",IF(C2>1000000,50,IF(C2>=500000,40,IF(C2>=200000,30,0))),0))) -> 50 | H2: =VLOOKUP(D2,'Tham số'!$D$2:$E$7,2,TRUE()) -> 5 | I2: =MIN(D2,E2)*G2/100*H2 -> 13750000 | J2: =I2*F2 -> 1237500000000
A3: ACB | B3: NH | C3: 150000 | D3: 9000000 | E3: 8000000 | F3: 25000 | G3: =IF(B3="NH",IF(C3>200000,50,40),IF(B3="CK",IF(C3<=10,50,IF(C3<=20,40,IF(C3<=30,30,0))),IF(B3="BH",IF(C3>1000000,50,IF(C3>=500000,40,IF(C3>=200000,30,0))),0))) -> 40 | H3: =VLOOKUP(D3,'Tham số'!$D$2:$E$7,2,TRUE()) -> 5 | I3: =MIN(D3,E3)*G3/100*H3 -> 16000000 | J3: =I3*F3 -> 400000000000
A4: SSI | B4: CK | C4: 8 | D4: 8000000 | E4: 7000000 | F4: 30000 | G4: =IF(B4="NH",IF(C4>200000,50,40),IF(B4="CK",IF(C4<=10,50,IF(C4<=20,40,IF(C4<=30,30,0))),IF(B4="BH",IF(C4>1000000,50,IF(C4>=500000,40,IF(C4>=200000,30,0))),0))) -> 50 | H4: =VLOOKUP(D4,'Tham số'!$D$2:$E$7,2,TRUE()) -> 5 | I4: =MIN(D4,E4)*G4/100*H4 -> 17500000 | J4: =I4*F4 -> 525000000000
A5: VND | B5: CK | C5: 15 | D5: 12000000 | E5: 10000000 | F5: 18000 | G5: =IF(B5="NH",IF(C5>200000,50,40),IF(B5="CK",IF(C5<=10,50,IF(C5<=20,40,IF(C5<=30,30,0))),IF(B5="BH",IF(C5>1000000,50,IF(C5>=500000,40,IF(C5>=200000,30,0))),0))) -> 40 | H5: =VLOOKUP(D5,'Tham số'!$D$2:$E$7,2,TRUE()) -> 5 | I5: =MIN(D5,E5)*G5/100*H5 -> 20000000 | J5: =I5*F5 -> 360000000000
A6: BVH | B6: BH | C6: 1200000 | D6: 2000000 | E6: 1800000 | F6: 45000 | G6: =IF(B6="NH",IF(C6>200000,50,40),IF(B6="CK",IF(C6<=10,50,IF(C6<=20,40,IF(C6<=30,30,0))),IF(B6="BH",IF(C6>1000000,50,IF(C6>=500000,40,IF(C6>=200000,30,0))),0))) -> 50 | H6: =VLOOKUP(D6,'Tham số'!$D$2:$E$7,2,TRUE()) -> 5 | I6: =MIN(D6,E6)*G6/100*H6 -> 4500000 | J6: =I6*F6 -> 202500000000
A7: BMI | B7: BH | C7: 300000 | D7: 400000 | E7: 350000 | F7: 30000 | G7: =IF(B7="NH",IF(C7>200000,50,40),IF(B7="CK",IF(C7<=10,50,IF(C7<=20,40,IF(C7<=30,30,0))),IF(B7="BH",IF(C7>1000000,50,IF(C7>=500000,40,IF(C7>=200000,30,0))),0))) -> 30 | H7: =VLOOKUP(D7,'Tham số'!$D$2:$E$7,2,TRUE()) -> 4 | I7: =MIN(D7,E7)*G7/100*H7 -> 420000 | J7: =I7*F7 -> 12600000000
A9: * Chỉ tiêu xếp hạng: NH = dư nợ cho vay (tỷ đồng); CK = hạng thị phần môi giới (số); BH = KLGD TB 3 tháng (CP/phiên). Giá chặn tài chính = giá thị trường (White-list).
